graph_id,response,tokens
"0","To find a path from node 0 to node 4 in this graph, we can use Breadth-First Search (BFS) algorithm.

Here's the step-by-step process:

1. Start at node 0.
2. Since node 0 is not connected to any other nodes, we skip it and move on to the next node.
3. The next node is node 2, which has an edge to node 4 with weight 39. So, we add node 2 to our queue.

Queue: [node 2]

4. Dequeue a node from the queue (node 2).
5. Since node 2 has an edge to node 0, but we already skipped node 0, we move on to other neighbors of node 2.
6. Node 2 also has an edge to node 4 with weight 39.

Queue: [node 4]

7. Dequeue a node from the queue (node 4).
8. Since node 4 is the target node, we have found a path from node 0 to node 4.

The path is: 0 -> 2 -> 4

Note that this graph has no cycle, so there's only one possible path from node 0 to node 4.","171"
"1","To find a path from node 0 to node 4 in the given graph, we can use Dijkstra's algorithm. Here are the steps:

1. Initialize the distance array with infinity for all nodes except node 0, which is set to 0.
2. Create a queue and add node 0 to it.
3. While the queue is not empty:
   - Dequeue a node (node 1).
   - For each neighbor of node 1 that has not been visited yet:
     - Calculate the tentative distance from node 0 to the neighbor through node 1.
     - If this distance is less than the current known distance to the neighbor, update the distance and add the neighbor to the queue.

Here's the step-by-step process for the given graph:

2 3 91
0 
Solution: Node 0 is not connected anywhere, so we skip it.

We ran out of nodes in the queue; hence, no path exists to the target node.","263"
"2","To find a path from node 0 to node 4 in the given graph:

From node 0, we can visit nodes 1 because the edges 0,1,96 are in the graph.
Updating distance for node 1: path 0 -> 1, distance = 0 + 96 = 96.

From node 1, there is no other node that has an edge to it. So, we cannot visit any new nodes from here.

We ran out of nodes in the queue; hence, no path exists to the target node.","355"
"3","To find a path from node 0 to node 4 in the given graph, we can use Dijkstra's algorithm. Here are the steps:

1. Initialize the distance array with infinity for all nodes except node 0, which is set to 0.
   Distance: [0, inf, inf]
2. Create a queue and add node 0 to it.
3. While the queue is not empty:
   - Dequeue a node (node 1).
   - For each neighbor of node 1 that has not been visited yet:
     - Calculate the tentative distance from node 0 to the neighbor through node 1.
       If this distance is less than the current known distance to the neighbor, update the distance and add the neighbor to the queue.
4. After dequeuing all nodes, if there are still unvisited neighbors, it means that there is no path to the target node.

Now let's apply Dijkstra's algorithm to find a path from node 0 to node 4 in the given graph:

3 4 31
2 3 23

1. Initialize the distance array with infinity for all nodes except node 0, which is set to 0.
   Distance: [0, inf, inf]
2. Create a queue and add node 0 to it.
3. While the queue is not empty:
   - Dequeue a node (node 0).
   - For each neighbor of node 0 that has not been visited yet:
     - Calculate the tentative distance from node 0 to the neighbor through node 0.
       If this distance is less than the current known distance to the neighbor, update the distance and add the neighbor to the queue.
4. After dequeuing all nodes, if there are still unvisited neighbors, it means that there is no path to the target node.

Let's start with node 0:
- Node 0 has a direct edge to node 2 with distance 23.
   Distance: [0, inf, 23]
- Node 0 has a direct edge to node 3 with distance 31.
   Distance: [0, inf, 23, 31]

Now let's move on to node 1 (which is not present in the graph):
- We cannot visit any nodes from node 1 because it does not exist.

We ran out of nodes in the queue; hence, no path exists to the target node.","269"
"4","To find a path from node 0 to node 4 in the given graph, we can use Dijkstra's algorithm. Here are the steps:

1. Initialize the distance array with infinity for all nodes except node 0, which is set to 0.
2. Create a queue and add node 0 to it.
3. While the queue is not empty:
   - Dequeue a node (node 2 in this case).
   - For each neighbor of node 2 that has not been visited yet:
     - Calculate the tentative distance from node 0 to the neighbor through node 2.
     - If the calculated distance is less than the current known distance to the neighbor, update the distance and add the neighbor to the queue.

Here are the steps for the given graph:

3 4 15
3 4 78

1. Initialize the distance array: [0, infinity, infinity]
2. Create a queue and add node 0 to it.
3. While the queue is not empty:
   - Dequeue a node (node 0 in this case).
   - For each neighbor of node 0 that has not been visited yet:
     - Node 0 has neighbors 2 and 3, but we can't visit node 3 because there's no edge between them.
     - Update the distance for node 2: path 0 -> 2, distance = 0 + 15 = 15.

The updated distance array is: [0, 15, infinity]
4. Dequeue a node (node 2 in this case).
   - For each neighbor of node 2 that has not been visited yet:
     - Node 2 has neighbors 3 and 4.
     - Update the distance for node 3: path 2 -> 3, distance = 15 + 78 = 93.
     - Update the distance for node 4: path 2 -> 4, distance = 15 + 15 = 30.

The updated distance array is: [0, 15, 93, 30]
5. We ran out of nodes in the queue; hence, no path exists to the target node (node 4).","269"
"5","To find a path from node 0 to node 4 in this graph, we can use Breadth-First Search (BFS) algorithm.

Here's the step-by-step process:

1. Start at node 0.
2. Since node 0 is not connected to any other nodes, we skip it and move on to the next node.
3. The next node is node 1, which has an edge to node 0 (but since we already skipped node 0, this edge doesn't count). So, we move on to the next node.
4. The next node is node 2, which has an edge to node 3 with weight 14.

Now, let's explore the neighbors of node 2:

1. Node 2 has an edge to node 3 with weight 14.
2. Node 3 has an edge to node 4 with weight 92.

So, we have found a path from node 0 to node 4: 

Node 0 -> Node 2 -> Node 3 -> Node 4

The total weight of this path is 14 + 92 = 106.","171"
"6","To find a path from node 0 to node 4 in the given graph:

0 2 33
3 4 78

From node 0, we can visit nodes 2 because the edges 0,2,33 are in the graph.

Updating distance for node 2: path 0 -> 2, distance = 0 + 33 = 33.
From node 2, we can visit nodes 3 because the edges 2,3,78 are in the graph.

Updating distance for node 3: path 2 -> 3, distance = 33 + 78 = 111.
Now that we have visited all the nodes reachable from node 0 and found a path to node 4, we can stop here. The shortest path is:

0 -> 2 -> 3 -> 4

Distance of this path: 0 + 33 + 78 = 111","269"
"7","To find a path from node 0 to node 4 in this graph, we can use Breadth-First Search (BFS) algorithm. Here's how it works:

1. Start at node 0.
2. Explore all its neighbors and add them to the queue if they haven't been visited before.
3. Repeat step 2 until the queue is empty.

Let's apply this algorithm to the given graph:

Initial graph:
```
2 3 92
```

We start at node 0, but it's not connected to any other nodes, so we skip it.

Next, we explore node 2 and its neighbors. Node 2 has a neighbor with edge weight 92, which is node 4. Since we've reached the target node (node 4), we can stop here.

Therefore, the path from node 0 to node 4 in this graph is:

Node 0 -> Node 2 -> Node 4

The path length is 1.","165"
"8","To find a path from node 0 to node 4 in the given graph, we can use Dijkstra's algorithm. Here are the steps:

1. Initialize the distance array with infinity for all nodes except node 0, which is set to 0.
   Distance[0] = 0
2. Create a queue and enqueue node 0.
3. While the queue is not empty:
   - Dequeue a node from the queue.
   - For each neighbor of the dequeued node that has not been visited yet (i.e., its distance is infinity):
     - Update the distance to this neighbor by adding the weight of the edge between the dequeued node and this neighbor.
     - Mark this neighbor as visited by setting its distance to the updated distance.
     - Enqueue this neighbor into the queue.

Now, let's apply Dijkstra's algorithm to find a path from node 0 to node 4 in the given graph:

2 3 57

1. Initialize the distance array:
   Distance[0] = 0
   Distance[1] = infinity
   Distance[2] = infinity
   Distance[3] = infinity
   Distance[4] = infinity

2. Create a queue and enqueue node 0.
   Queue: [0]

3. While the queue is not empty:
   - Dequeue a node from the queue.
   - For each neighbor of the dequeued node that has not been visited yet (i.e., its distance is infinity):
     - Update the distance to this neighbor by adding the weight of the edge between the dequeued node and this neighbor.
     - Mark this neighbor as visited by setting its distance to the updated distance.
     - Enqueue this neighbor into the queue.

   Dequeued node: 0
   Distance[1] = 2 (edge 0,1)
   Distance[3] = 5 (edge 0,3)

   Dequeued node: 1
   No neighbors have not been visited yet.

   Dequeued node: 3
   Distance[4] = 7 (edge 3,4)

   Dequeued node: 4
   No neighbors have not been visited yet.

Since we've dequeued all nodes and there are no more edges to explore, we can stop the algorithm. The shortest distance from node 0 to node 4 is 7.","263"
"9","To find a path from node 0 to node 4 in this graph, we can use Breadth-First Search (BFS) algorithm. Here's how it works:

1. Start at node 0.
2. Explore all its neighbors and add them to the queue if they haven't been visited before.
3. Repeat step 2 until the queue is empty.

Let's apply this algorithm to the given graph:

Graph:
```
   0
 / | \
3 -- 4 -- 1
 \   /
  2
```

Starting at node 0, we explore its neighbors:

* Node 3 has an edge to node 1. Add node 1 to the queue.
* Node 4 has an edge to node 2. Add node 2 to the queue.

Now, let's explore node 1:
* Node 1 has an edge to node 3 (which we already visited). No new nodes are added to the queue.

Next, let's explore node 2:
* Node 2 has an edge to node 4. Add node 4 to the queue.
* Node 2 also has an edge to node 0 (its parent node). This is a dead end, so we don't add it to the queue again.

Now, let's explore node 4:
* Node 4 has an edge to node 1 (which we already visited). No new nodes are added to the queue.

Since we've explored all reachable nodes and haven't found a path from node 0 to node 4, we conclude that there is no path from node 0 to node 4 in this graph.","165"
